,0,1,2,3,4,5,6,7
0,Internet of Things,Technology,Ethics,,,,,
1,Apps,Technology,Tech,Apple,App Development,,,
2,Augmented Reality,Technology,Mobile,Apps,Android,,,
3,Human Resources,Future Of Work,Careers,Technology,Social Media,,,
4,Facebook,YouTube,Social Media,Media,Technology,,,
5,Physics,Design,Science,Visual Design,Technology,,,
6,Education,Digitalization,Leadership,Cio,Strategy,,,
7,Tech,Restaurant Pos System,Pos System,Point Of Sale,Merchants Services,,,
8,Education,Edtech,Edchat,Technology,Tech,,,
9,Climate Change,Environment,Politics,Technology,Green New Deal,,,
10,Journalism,Media,Technology,,,,,
11,Artificial Intelligence,Journalism,Technology,,,,,
12,Technology,Society,Future,,,,,
13,Education,Teaching,Innovation,Technology,Curiosity,,,
14,Privacy,Social Media,Technology,Government,Facebook,,,
15,Design,UX,Haptics,Interaction Design,Senses,,,
16,Women In Tech,Technology,Women,Facebook,,,,
17,Life Lessons,Health,Technology,Life,Work,,,
18,Virtual Reality,Silicon Valley,Meta,Augmented Reality,,,,
19,5g,Society,IoT,Cognitive Bias,Data,,,
20,Politics,Journalism,Technology,America,,,,
21,Technology,CES,Ces2019,,,,,
22,Technology,Connected Home,Elder Care,Design,Experience,,,
23,Hackathons,Women,Equality,Technology,Coding,,,
24,Aritificial Intelligence,Marketing,Business,Machine Learning,Technology,,,
25,Vaccines,Digital Health,Anti Vaccination,Health,,,,
26,Technology,Science,Philosophy,Nature,Education,,,
27,Gaming,Streaming,Technology,Games,,,,
28,,,,,,,,
29,,,,,,,,
30,,,,,,,,
31,Amazon Echo,Google Home,AI,Voice Assistant,Active Noise Cancellation,,,
32,AI,Technology,Jobs,Careers,Startup,,,
33,Running,Apps,Tech,Marathon,New York,,,
34,Prison Reform,Technology,Prison,Startup,,,,
35,Google,Linux,Firefox,Duckduckgo,Qwant,,,
36,Startup,Tech,History Of Technology,Canada,Canadian Tech,,,
37,Technology,Foxconn,Manufacturing,China,Apple,,,
38,Technology,Philosophy,Engineering,Industrial Revolution,Education,,,
39,Technology,Future Of Work,Jobs,Employment,Future,,,
40,Design,Technology,Tech,Startup,Internet,,,
41,Drones,AI,Technology,Future,Culture,,,
42,India Tech News,Information Technology,American Dream,Maple Valley,Japan,,,
43,Tech,5g,Internet,Wireless,,,,
44,Travel,Privilege,College,Millennials,Consumerism,,,
45,Artificial Intelligence,Machine Learning,Wearables,Privacy,,,,
46,Technology,Economics,Work,Inequality,,,,
47,Style,Technology,Social Media,Digital Life,,,,
48,,,,,,,,
49,Cybersecurity,Security,Hacking,Technology,Gadgets,,,
50,Grocery Shopping,Delivery,Technology,Business,Food,,,
51,Google,Protest,Equality,Sexual Harassment,Technology,,,
52,Racial Equity,Tech,Future Of Technology,Diversity And Inclusion,Community,,,
53,Amazon,Business,Technology,,,,,
54,Raspberry Pi,Microbit,Makers,,,,,
55,Technology,Tech,Facebook,Productivity,Culture,,,
56,Politics,Social Ratings,Social Credit,China,Artificial Intelligence,,,
57,Artificial Intelligence,Technology,Futurism,Internet,Mind,,,
58,Microsoft,Google,Migration,Personal Experien,,,,
59,Aging,Gerontechnology,Aging Innovation,Older Adults,Technology Trends,,,
60,Some rights reserved,Tech,Microbiome,AI,Technology,Fake News,,
61,Social Media,Online Marketing,Facebook Marketing,Facebook Ads,Content Marketing,,,
62,Artificial Intelligence,Social Media,Technology,,,,,
63,,,,,,,,
64,Autonomous Cars,Tires,Vehicles,Simulation,Sensors,,,
65,Disability,Accessibility,Technology,Google,Apps,,,
66,Cornell,Technology,Cybersecurity,Startup,Computer Science,,,
67,Social Media,Facebook,Friendship,Technology,Relationships,,,
68,China,Business,Trade,Technology,Huawei,,,
69,Facebook,Social Media,Technology,,,,,
70,Artificial Intelligence,Conversational UI,Banking,Chatbots,Voice Assistant,,,
71,Science,Quantum Physics,Space,Technology,Science Fiction,,,
72,Kubernetes,Esxi,Homelab,Intel Nuc,Vmware,,,
73,China,Baidu,Fake News,Media,Artificial Intelligence,,,
74,Case Study,Research,Retail Technology,Retail Industry,Customer Journey,,,
75,Technology,Privacy,Algorithms,Artificial Intelligence,Culture,,,
76,Zak Kukoff,DRFarrell,Transportation,Tech,Scooters,Startup,Government,
77,Agile,Scrum,Kanban,Jira,,,,
78,Christianity,Smartphones,Neo Luddites,Postliberals,Early Death,,,
79,Konmari,User Experience,Technology,Business,Joy,,,
80,Diabetes,Medtronic,IoT,Health Technology,Interaction Design,,,
81,Vaccines,Data,Fake News,Disinformation,Social Media,,,
82,Technology,Digital Transformation,,,,,,
83,Food,Silicon Valley,Tech News,San Francisco,Foodies,,,
84,Google,Social Media,Technology,Microsoft,G Suite,,,
85,Sandra Upson,Startup,Venture Capital,Uber,Tech,Media,,
86,Privacy,Business,Technology,Cybersecurity,Apple,,,
87,,,,,,,,
88,Amazon,Department Of Defense,Politics,Technology,,,,
89,,,,,,,,
90,Apple,Facebook,Technology,Privacy,,,,
91,Rfid,Technology,Innovation,Ethics,Humanity,,,
92,Tech,Culture,Self Improvement,Life Lessons,Mental Health,,,
93,Encryption,WhatsApp,Privacy,Security,End To End Encryption,,,
94,Christianity,Social Media,Technology,Church,Evangelicals,,,
95,VR,5g,Tech,AR,Media,,,
96,Psychology,Technology,Culture,Productivity,Distraction,,,
97,,,,,,,,
98,Apple,Business,Facebook,Technology,Privacy,,,
99,Facebook,Technology,Business,Social Media,,,,
100,Self Driving Cars,Transportation,Business,Technology,Startup,,,
101,Apple,Facebook,Business,Technology,Cybersecurity,,,
102,,,,,,,,
103,Virtual Reality,Technology,Work,Women,Equality,,,
104,Science,Technology,Quantum,Quantum Computing,Computing,,,
105,Internet of Things,Reverse Engineering,Hardware,Vulnerability Assessment,,,,
106,Ecommerce,Luxury,Digital,Trends,2019 Trends,,,
107,,,,,,,,
108,Some rights reserved,Mobile,Technology,5g,Broadcast,Wireless,,
109,Politics,Future,Technology,Society,,,,
110,Cloud Computing,Technology,Edge Computing,Augmented Reality,Strategy,,,
111,Virtual Reality,Mixed Reality,Future Technology,Future,Technology,,,
112,Healthcare,Chatbots,Mobile,Patient Engagement,Hospital,,,
113,SaaS,Startup,Entrepreneurship,Entrepreneur,Software Development,,,
114,,,,,,,,
115,,,,,,,,
116,,,,,,,,
117,Jobs,Work,Education,Technology,Automation,,,
118,Facebook,Social Media,Technology,Psychology,Addiction,,,
119,Internet of Things,Security,Infosec,Technology,Teardown,,,
120,Business,Work,Technology,Leadership,Economics,,,
121,Artificial Intelligence,Machine Learning,Privacy,Equality,Technology,,,
122,Education,Technology,Society,Education Technology,Tech,,,
123,,,,,,,,
124,,,,,,,,
125,,,,,,,,
126,,,,,,,,
127,Parenting,Technology,YouTube,Internet,,,,
128,Apple,Tech,Technology,Productivity,Writing,,,
129,Technology,Tech,Privacy,Facebook,Apple,,,
130,Mac,Browsers,Dark Mode,Internet,Tech,,,
131,Artificial Intelligence,Voice Assistant,Society,Sociology,Bots,,,
132,Internet of Things,Technology,Innovation,Healthcare,Health,,,
133,Startup,Tech,Analysis,Reporting,Journalism,,,
134,Writing,Philosophy,Religion,Spirituality,Musings,,,
135,,,,,,,,
136,,,,,,,,
137,Housing,Technology,Startup,Cities,Business,,,
138,Wikipedia,Media,Crowdsourcing,Internet,,,,
139,Media,BuzzFeed,Technology,Business,Journalism,,,
140,Startup,Tech,Product Hunt,,,,,
141,Gadgets,Fitbit,Technology,Health,IoT,,,
142,Health,Productivity,Technology,Leadership,Silicon Valley,,,
143,Technology,Renewable Energy,Environment,Future,Climate Change,,,
144,China,Technology,Huawei,World,Politics,,,
145,Mobile,Technology,5g,Smartphones,,,,
146,Apple,Technology,Android,Health,Economy,,,
147,Productivity,Technology,Health,Self Love,Blog,,,
148,3D Printing,Medicine,Tech,Drugs,Trials,,,
149,Tech,Technology,Culture,Marketing,Google,,,
150,,,,,,,,
151,Facebook,Mark Zuckerberg,Business,Technology,,,,
152,Security,Cybersecurity,Privacy,Technology,,,,
153,Technology,Economy,Stocks,Stock Market,,,,
154,Short Story,Fiction,Space,Future,Technology,,,
155,Self Driving Cars,Technology,Transportation,Artificial Intelligence,Driverless Cars,,,
156,Hackathons,Technology,Tech,Startup,Education,,,
157,Artificial Intelligence,Justice,Equality,Technology,Privacy,,,
158,Marriage Equality,Technology,Tech,Relationships,Love,,,
159,Environment,Innovation,Technology,Science,Computing,,,
160,European Union,China,Internet,Censorship,,,,
161,Work,Millennials,Hustle,Entrepreneurship,Technology,,,
162,Flying Cars,Technology,Japan,,,,,
163,Self Improvement,Spirituality,Technology,Art,Internet Culture,,,
164,Homelab,10gbe Switch,Networking,10gbit,,,,
165,Technology,Business,Business Strategy,Creativity,Psychology,,,
166,Technology,Self-awareness,Self Improvement,Social Media,Psychology,,,
167,Artificial Intelligence,Deepmind,Starcraft,Neural Networks,Science,,,
168,Virtual Reality,Webxr,Webvr,Augmented Reality,,,,
169,Tech,Technology,Startup,Software,Product Management,,,
170,Music,Sexual Assault,Metoo,Spotify,Society,,,
171,Virtual Reality,Tech,Technology,VR,Social Media,,,
172,Blockchain,Lisk,Automation,Network,Jobs,,,
173,Plastic Surgery,Social Media,Health,Technology,Beauty,,,
174,Instagram,Social Media,Millennials,Technology,,,,
175,Arduino,Retro,Technology,Makers,Programming,,,
176,Artificial Intelligence,Voice Technology,Voice Assistant,Amazon Alexa,Google Assistant,,,
177,Science,Innovation,Technology,Nanotechnology,Future,,,
178,Science,Technology,Cameras,Algorithms,,,,
179,Technology,Design,Business,Gadgets,Smartphones,,,
180,Tech,Mindfulness,Anxiety,Digital Detox,Dieter Rams,,,
181,Artificial Intelligence,Facial Recognition,Amazon Rekognition,Rekognition,Hackernoon Top Story,,,
182,,,,,,,,
183,Life Lessons,Family,Corporate Culture,Motherhood,Working Moms,,,
184,Self Improvement,Child Abuse,Healing From Trauma,Love,Forgiveness,,,
185,Life,Self Improvement,Life Hacking,,,,,
186,Networking,Productivity,Psychology,Inspiration,Personal Development,,,
187,Productivity,Self Improvement,Writing,Inspiration,Life Lessons,,,
188,Life,Life Lessons,Love,Family,Self Improvement,,,
189,Self Improvement,Perfectionism,Self Esteem,Productivity,,,,
190,Hip Hop,Wellness,Mental Health,Psychology,Rap,,,
191,Self-awareness,Self Improvement,Life Lessons,Mental Health,Self Acceptance,,,
192,Relationships,Love,Life Lessons,Spirituality,Self Improvement,,,
193,Acne,,,,,,,
194,Meditation,Life Lessons,Life,Inspiration,Motivation,,,
195,Self Improvement,Communication,Relationships,Self-awareness,Listening,,,
196,Immigration,Storytelling,Canada,India,Blogger,,,
197,Advice,Lifestyle,Mental Health,Relationships,Self,,,
198,,,,,,,,
199,,,,,,,,
200,,,,,,,,
201,Productivity,Journaling,Writing,Self,Self Improvement,,,
202,Terrie Schweitzer,Productivity,Self Improvement,Psychology,Time,Time Management,,
203,Life Lessons,Work,Mental Health,Mindfulness,Life,,,
204,Mental Health,Wellness,Positive Thinking,Positivity,Self Improvement,,,
205,Life Lessons,Life,Determination,Self Improvement,Personal Development,,,
206,Self Improvement,Advice,Life Lessons,Life,Leadership,,,
207,Self Improvement,Personal Development,Lifestyle,Motivation,Inspiration,,,
208,Productivity,Personal Development,Self,Motivation,,,,
209,Life,Life Lessons,Inspiration,Success,Motivation,,,
210,Happiness,Minimalism,Psychology,Self Improvement,Self-awareness,,,
211,Life Lessons,Life,Self Improvement,Psychology,Mindfulness,,,
212,Millenials,Aging,Feminism,30s,Life Lessons,,,
213,Self Improvement,Psychology,Personal Development,Self,Personal Growth,,,
214,Life Lessons,Marriage,Love,Self Love,Self-awareness,,,
215,Dogs,Life Lessons,Friendship,Pets,Self Improvement,,,
216,Imposter Syndrome,Self Improvement,Work,Startup,Self Love,,,
217,Advice,Self,Family,Boundaries,Abuse,,,
218,Education,Personal Growth,Personal Development,Learning,Self,,,
219,Love,Self Improvement,Self Love,Self,Relationships,,,
220,Self Improvement,Startup,Writing,Psychology,Entrepreneurship,,,
221,Productivity,Habits,Life Lessons,Psychology,,,,
222,Leadership,Self,Self Development,Management And Leadership,Problem Solving,,,
223,Self Improvement,Self-awareness,Humility,Love,Relationships,,,
224,Self Improvement,Self,Personal,Personal Growth,Life Lessons,,,
225,Self Improvement,Psychology,Business,Startup,Personal Development,,,
226,Minimalism,Large Families,Decluttering,Family,Self,,,
227,Travel,Perspective,Self Knowledge,India,Create Yourself,,,
228,Life Lessons,Life,Age,Self Improvement,Goals,,,
229,Entrepreneurship,Business,Startup,Investing,Success,,,
230,Self Improvement,Productivity,Work Life Balance,Life Lessons,Personal Development,,,
231,Cancer,Life,Self Improvement,Life Lessons,Health,,,
232,Productivity,Life Planning,Success,Happiness In Life,Achieving Goals,,,
233,Life,Travel,Culture,Self,Inspiration,,,
234,Some rights reserved,,,,,,,
235,Love,Mental Health,Psychology,Relationships,Self,,,
236,Personal Development,Self Improvement,Life,Reflections,Philosophy,,,
237,Mental Health,Depression,Saying No,Work Life Balance,High School,,,
238,Productivity,Personal Development,Self Improvement,Life,Life Lessons,,,
239,Travel,Ideas,Self Development,Self Improvement,Solo Travel,,,
240,Life,Life Lessons,Television,Advice,Satire,,,
241,Self Improvement,Life,Life Lessons,Inspiration,Happiness,,,
242,Self Improvement,Life Lessons,Family,Personal Development,Success,,,
243,Self Improvement,Self Development,Learning,Education,Lifelong Learning,,,
244,Inspiration,Animals,Biology,Psychology,Spirituality,,,
245,Self Improvement,Self,Health,Love,Relationships,,,
246,Life Lessons,Life,Inspiration,Careers,Self Improvement,,,
247,Gardening,Health,Mental Health,Indoor Plants,Indoor Air Quality,,,
248,Psychology,Self Improvement,Self,Productivity,,,,
249,Personal,Humor,Failure,Femininity,Bad Habits,,,
250,Konmari,Minimalism,Intentional Living,Tidying Up,Organization,,,
251,Self Improvement,Self Help,Storytelling,Memoir,Humor,,,
252,Mindfulness,,,,,,,
253,Life Lessons,Psychology,Travel,Personal Development,Self Improvement,,,
254,Productivity,Personal Development,Life Lessons,Self Improvement,Humor,,,
255,Life Lessons,Self,Happiness,Health,Self Help,,,
256,Entrepreneurship,Life,Life Lessons,Self Improvement,Inspiration,,,
257,Entrepreneurship,Self Improvement,Life Lessons,Productivity,Life,,,
258,,,,,,,,
259,Abortion,Womens Health,Womens Rights,Politics,Personal Essay,,,
260,,,,,,,,
261,,,,,,,,
262,Community,Self,Wellness,Activism,Climate Change,,,
263,Money,Mental Health,Life Lessons,Relationships,,,,
264,Love,Relationships,Mental Health,Life Lessons,Psychology,,,
265,Body Positive,Self,Culture,Feminism,Self Improvement,,,
266,Creativity,Productivity,Self,How To,,,,
267,Short Story,Wilderness,Nature Writing,Nature,Parks,,,
268,Storytelling,Self Improvement,Self-awareness,Growth,Growth Mindset,,,
269,Terrie Schweitzer,Language Learning,Korean,Korean Language,DIY,Learning,,
270,,,,,,,,
271,,,,,,,,
272,Sales,Leadership,Self,Media,Self Improvement,,,
273,Self-awareness,Self Improvement,,,,,,
274,Self Improvement,Life Lessons,Productivity,Success,Entrepreneurship,,,
275,Life Lessons,Life,Relationships,Leadership,Love,,,
276,Life Lessons,Life,Giving,Personal Development,Helping Others,,,
277,Psychology,Nikola Tesla,Science,Personal Development,Books,,,
278,Personal Development,Art,Death,India,Women,,,
279,Reading,Books,Self Improvement,Productivity,Personal Development,,,
280,Parenting,Mental Health,Psychology,Self Improvement,Family,,,
281,Creativity,Resistance,Writing,Self Esteem,Reflections,,,
282,Fiction,Divorce,New Beginnings,Marriage,Short Story,,,
283,Layoffs,Career Paths,Moving On,Resilience,How To,,,
284,Life,Life Lessons,Self Improvement,Mindfulness,Philosophy,,,
285,Mental Health,Health,Life Lessons,Self Improvement,Life,,,
286,Money,Finance,Personal Development,Poverty,Society,,,
287,Psychology,Inspiration,Creativity,Self Improvement,Productivity,,,
288,Relationships,Self Improvement,Self-awareness,Philosophy,,,,
289,Martial Arts,,,,,,,
290,Hiking,Climbing,Mountains,Motivation,Travel,,,
291,Productivity,Psychology,Science,Brain,Learning,,,
292,Self Improvement,Psychology,Leadership,Productivity,Education,,,
293,Mental Health,Self Harm,Depression,,,,,
294,Life,Self Improvement,Mental Health,Caregiving,Dementia,,,
295,Hip Hop,Friendship,Stand Up Comedy,Comedy,Stand Up,,,
296,Parenting,Success,Writing,Personal Development,Psychology,,,
297,Alcohol,Dry January,Mindfulness,Drinking,Millennials,,,
298,Life Lessons,Self Improvement,Happiness,Productivity,Mental Health,,,
299,Life Lessons,Self,Self Improvement,,,,,
300,Self Improvement,Self,Productivity,Psychology,Sports,,,
301,Humor,Entrepreneurship,Culture,Education,Work,,,
302,Mental Health,Social Anxiety,Therapy,Anxiety,Groups,,,
303,Travel,Mental Health,Self,Self Improvement,Personal Development,,,
304,Life Lessons,Job Hunting,Job Search,,,,,
305,Life Lessons,Shame,Healing,,,,,
306,Self Improvement,Mental Health,Spirituality,Sensitivity,Self Confidence,,,
307,Life,,,,,,,
308,Life Lessons,Personal Development,Personal Insights,,,,,
309,,,,,,,,
310,,,,,,,,
311,,,,,,,,
312,Travel,Solo Travel,Solo Female Travel,Solo,Grief,,,
313,,,,,,,,
314,Education,Personal Development,Productivity,Lifestyle,Self,,,
315,Travel,Life Lessons,Culture,Advice,Inspiration,,,
316,Inspirational,2019,New Year Resolution,Positive Thinking,Self Love,,,
317,Philosophy,Life,Life Lessons,Self Improvement,Psychology,,,
318,Self Improvement,Mindfulness,Personal Development,Compassion,Psychology,,,
319,Decision Making,Habits,Self Improvement,Psychology,Strategy,,,
320,Productivity,Creativity,Creative Process,Personal Development,Perfectionism,,,
321,Self Improvement,Self,Rant,Life Hacking,Help,,,
322,Psychology,Relationships,Personal Development,Personal Growth,Professional Development,,,
323,Productivity,Walking,Personal Development,Happiness,Habit Building,,,
324,Gardening,Congenital Heart Defects,Healing,Massachusetts,Photography,,,
325,Beauty,Acne,Health,Self,Life,,,
326,Life Lessons,Happiness,Social Skills,Relationships,Life,,,
327,Life Lessons,Careers,Money,Self Improvement,Personal Growth,,,
328,,,,,,,,
329,Tattoo,Women,Feminism,Art,Body Image,,,
330,Life Lessons,Self,Mental Health,Change,Stress,,,
331,Imposter Syndrome,Personal Development,Personal Growth,Life,Self-awareness,,,
332,,,,,,,,
333,Productivity,Writing,Self Improvement,Success,Fear,,,
334,Education,Kindness,Mental Health,Self,,,,
335,Self Improvement,Personal Development,Mindset,Affirmations,Growth,,,
336,Culture,Work Life Balance,Inspiration,Advice,Life Lessons,,,
337,Life Lessons,Self,Adulthood,Psychology,Millennials,,,
338,Startup,Entrepreneurship,Hustle,Growth,Philosophy,,,
339,Life Lessons,Writing,Relationships,Love,Self Improvement,,,
340,Impostor Syndrome,Women In Tech,Diversity,Work,Imposter Syndrome,,,
341,Self Improvement,Self,Productivity,Psychology,Culture,,,
342,Nick Wignall,Self Improvement,Work,Life,Philosophy,Creativity,,
343,Imposter Syndrome,,,,,,,
344,Love,Self,Self Improvement,Relationships,Happiness,,,
345,Creativity,Work,Reflections,Learning,Self Improvement,,,
346,Mental Health,Self,Self Improvement,Self Care,Self Care Tips,,,
347,Life,Life Lessons,Self Improvement,Personal Development,Productivity,,,
348,Comedy,Humor,Speaking,Relationships,Life Lessons,,,
349,Self Improvement,Mindset,Mindset Shift,Perfectionism,Personal Development,,,
350,Luxury,Capitalism,Travel,Life Lessons,Living With Purpose,,,
351,Productivity,Life Lessons,Self Improvement,Lifestyle,Inspiration,,,
352,Self Improvement,Life Lessons,Life,Change,Personal Development,,,
353,Life,Life Lessons,Self Improvement,Culture,Productivity,,,
354,Self Improvement,Life Lessons,Inspiration,Startup,Entrepreneurship,,,
355,Life Lessons,Travel,Mental Health,Self,Learning,,,
356,Spirituality,Meditation,Nature,Hiking,Independence,,,
357,Self,Self Improvement,Self-awareness,Self Love,Advice,,,
358,Writing,Life,Self,Personal Finance,Weight Loss,,,
359,Life Lessons,Happiness,Psychology,Inspiration,Mental Health,,,
360,Food,Homecooking,Anxiety,Cooking,Kitchen,,,
361,Life Lessons,Self Improvement,Self-awareness,Personal Development,Personal Growth,,,
362,Life Lessons,Present,Planning,Self-awareness,Life,,,
363,Life,Lifestyle,Self Improvement,Life Lessons,Love,,,
364,Body Image,Love,Life Lessons,Pop Culture,Self Love,,,
365,Self Improvement,Personal Development,Personal Growth,Psychology,Mental Health,,,
366,Personal Development,Self Improvement,Health,Positive Psychology,Fitness,,,
367,Addiction,Alcohol,Sobriety,Self Improvement,Recovery,,,
368,Self Improvement,Mental Health,Life,Life Lessons,Productivity,,,
369,Self Improvement,Failure,Affirmations,Advice,Progress,,,
370,Konmari,Creativity,Productivity,Creative Process,Personal Development,,,
371,Success,Writing,Entrepreneurship,Talent,Work,,,
372,Self Improvement,Lifestyle,Personal Development,Positive Thinking,Self-awareness,,,
373,Mindfulness,Self Care,Self Improvement,Meditation,Wellness,,,
374,Mental Health,Trauma,Therapy,Self,Mental Illness,,,
375,Life Lessons,Happiness,Wellbeing,Career Advice,Mindfulness,,,
376,Self Improvement,Life Lessons,Discipline,Lifestyle,Personal Development,,,
377,Life Lessons,Self Improvement,Motivation,Productivity,Life,,,
378,Life,Advice,Psychology,Personal Development,Life Lessons,,,
379,Self Improvement,Mindfulness,Emotions,Mental Health,Spirituality,,,
380,Inspiration,Self Improvement,Life,Life Lessons,Productivity,,,
381,Leadership,Design Thinking,Digital Transformation,Business,,,,
382,Life Lessons,Humility,Integrity,Growth,,,,
383,Feedback,Personal Growth,Authenticity,Relationships,Honesty,,,
384,Infertility,Relationships,Life Lessons,Health,Mental Health,,,
385,Careers,Graduation,Personal Development,Personal Growth,College,,,
386,Self Improvement,Life,Life Lessons,Motivation,Goals,,,
387,Vaping,Culture,News,Drugs,History,,,
388,Thoughts,Progress,Reflections,Decision Making,Health,,,
389,Health,Gerd,,,,,,
390,Running,Emergency Medicine,News Home,Stanford Scope,,,,
391,Health,Food Security,World Bank,Asia,Africa,,,
392,Health,Science,Netflix,Cancer,Life,,,
393,Health,Disability,Artist,Challenge,Struggle,,,
394,Healthcare,Data Science,Social Determinants,Health Disparities,Innovation,,,
395,,,,,,,,
396,Health,Nutrition,Iron Deficiency,Iron Deficiency Anemia,Diet,,,
397,,,,,,,,
398,,,,,,,,
399,,,,,,,,
400,,,,,,,,
401,,,,,,,,
402,Food,China,Health,Cancer,,,,
403,Health,Science,Museums,,,,,
404,Climate Change,Policy,Water,Infrastructure,Michigan,,,
405,Health,Fertility,Pregnancy,Miscarriage,Mens Health,,,
406,Vaping,Health,Mental Health,Science,Psychology,,,
407,Healthcare,Doctors,Creativity,Medicine,Jobs,,,
408,Health,Surgery,Mental Health,Medicine,,,,
409,,,,,,,,
410,Diabetes,Self Improvement,Self,Wellbeing,Life Lessons,,,
411,,,,,,,,
412,Healthcare,Communication,Medical Education,News Home,Stanford Scope,,,
413,Love,Birth Control,Satire,Life,Health,,,
414,Mental Health,Depression,Mental Illness,Anxiety,Bipolar,,,
415,,,,,,,,
416,Health,Weight,Obesity,Food,Cancer,,,
417,Cancer,Brain,Research,Science,Medicine,,,
418,Science,Pet Scan,Medicine,Physics,Radiology,,,
419,Artificial Intelligence,Science,Health,Pharmaceutical,Research,,,
420,Science,Cells,Health,Electricity,Neuroscience,,,
421,Health,Drones,AI,Technology,Life,,,
422,Machine Learning,Healthcare,Artificial Intelligence,Digital Health,Deep Learning,,,
423,Refugees,Education,Afghanistan,Cambridge University,Medicine,,,
424,Health,Measles,Vaccines,Propaganda,Big Pharma,,,
425,Sleep,Wellness,Health,Healthy Lifestyle,,,,
426,Health,Alzheimers Disease,Dementia,Dementia Prevention,Cognitive Science,,,
427,Health,Fat,Shame,Advice,Acceptance,,,
428,Fitness,Self Improvement,Gym,Training,Workout,,,
429,Artificial Intelligence,Health,Healthcare,Equality,,,,
430,Science,Vaccines,Health,Lyme Disease,,,,
431,Anxiety,Panic Disorder,Panic Attack,Diet,,,,
432,Health,IoT,Data,Future,Mental Health,,,
433,Cancer,Brca,Lynch Syndrome,Previvor,Genetics,,,
434,Health,Science,Science Communication,Lifestyle,Medicine,,,
435,Health,Food,Chronic Illness,Processed Foods,Diet,,,
436,Water,New Jersey,Politics,Health,Government,,,
437,Stem Cell Research,Biology,Health,Cancer,Bones,,,
438,Health,Sports,Race,Family,Football,,,
439,Cancer,Writing,Life Lessons,Resilience,Mindfulness,,,
440,Vaccines,Health,Science,Autism,,,,
441,,,,,,,,
442,Health,Cold Weather,Exercise,Winter,Benefits,,,
443,Science,Metabolomics,Metabolism,Energy,,,,
444,Exercise,Fitness,Health,Life,Live Your Life On Purpose,,,
445,Stem Cell Research,,,,,,,
446,Cannabis,Cbd,Bioethics,Public Health,Drug Policy,,,
447,Vaping,Smoking,Medicine,Health,Healthcare,,,
448,Health,Brain,Gut,Microbiome,Soil Health,,,
449,Advice,Culture,Feminism,Life Lessons,Short Story,,,
450,Health,Plastic,Bpa,Environment,Public Health,,,
451,Women,Anatomy,Medicine,,,,,
452,Weight Loss,Health,Mental Health,Life Lessons,Life,,,
453,Health,Science,Aging,Genetics,Biology,,,
454,Justice,Equality,Health,Prison,Disability,,,
455,Vaccines,Anti Vaccination,Health,Equality,Disease,,,
456,Lasik Surgery,Personal Finance,Lasik,Personal Experience,Money,,,
457,,,,,,,,
458,Healthcare,Artificial Intelligence,Physicians,Physician Burnout,Patient Experience,,,
459,Sleep,Chronic Illness,Health,Wellbeing,Pain,,,
460,Cancer,Health,Science,Life,Technology,,,
461,Healthcare,Pharmaceutical,Medicine,Business,,,,
462,Health,Science,Neuroscience,Alzheimers,,,,
463,Big Pharma,Opioids,Opioid Epidemic,Opioid Crisis,Fentanyl,,,
464,,,,,,,,
465,Health,Marriage,Love,Relationships,,,,
466,,,,,,,,
467,Mental Health,Trying To Conceive,PTSD,Anxiety,Pregnancy,,,
468,Vaccines,Health,Science,Culture,Politics,,,
469,Pregnancy,Preeclampsia,Hellp Syndrome,Pregnancy Complication,Maternal Health,,,
470,Education,Natural Disasters,Health,Childhood,,,,
471,Mindfulness,Self Improvement,Meditation,Personal Growth,Neuroscience,,,
472,Life Lessons,Self Love,Life,Disability,Self Improvement,,,
473,Chronic Illness,Chronic Disease,Multiple Sclerosis,Depression,Mental Health,,,
474,,,,,,,,
475,Health,Alzheimers,Dental Care,Mental Health,Psychology,,,
476,Abortion,Canada,,,,,,
477,Health,Urban,Healthcare,Health Systems,India,,,
478,Medical Education,,,,,,,
479,Some rights reserved,LGBTQ,Speak Freely,Transgender Rights,,,,
480,Leadership,Sexuality,Politics,Health,Equality,,,
481,Health,Wellness,Happy Hashimotos,Medical,Food,,,
482,Sleep,Health,Wellness,Science,Rest,,,
483,Health,Wellness,Nutrition,Aging,Diet,,,
484,Health,Science,Depression,Exercise,,,,
485,Healthcare,Blockchain,Blockchain Application,Records Management,Privacy Protection,,,
486,Christianity,Multiple Sclerosis,Prayer,Church,Spirituality,,,
487,Science,Love,Falling In Love,Relationships,Dating,,,
488,,,,,,,,
489,,,,,,,,
490,,,,,,,,
491,Health,Biophilia,Biophilic Design,Design,Healthcare Innovations,,,
492,Health,Exercise,Life,Weight Loss,Walking,,,
493,Science,Pulse Oximeter,Medicine,Mathematics,Physics,,,
494,Terrie Schweitzer,Health,Psychology,Aging,Wellness,Self Improvement,,
495,Health,Heart Attack,Death,Trauma,Heart Disease,,,
496,Health,Infertility,Life,Fertility,Men,,,
497,Health,Housing Conditions,Food Deserts,Healthcare,Empathy,,,
498,,,,,,,,
499,Health,Science,Wellness,Life,Social Justice,,,
500,,,,,,,,
501,Abortion,Roe,Roe V Wade,Reproductive Justice,Reproductive Rights,,,
502,,,,,,,,
503,Health,Vitamins And Supplements,Wellness,Supplements,Vitamin,,,
504,Science,Genetics,Privacy,Health,,,,
505,American History,Cold War,1960s,Politics,Diplomacy,,,
506,Some rights reserved,LGBTQ,Speak Freely,LGBT Rights,Transgender Rights,,,
507,Some rights reserved,Criminal Justice,Speak Freely,Due Process,,,,
508,Racism,Virginia,Education,Schools,Northam,,,
509,Politics,Economy,Socialism,Capitalism,Trump,,,
510,Jeff Bezos,National Enquirer,Donald Trump,Gawker,,,,
511,Climate Change,Global Warming,Environment,Donald Trump,Green Energy,,,
512,Politics,Healthcare,Law,Republican Party,GOP,,,
513,Climate Change,Policy,Politics,Environment,Diversity,,,
514,Opinion,Israel,Palestine,European Union,Words Have Consequences,,,
515,Politics,Roger Stone,Get Me Roger Stone,Trump,2016 Election,,,
516,Food,Democracy,Environment,Equality,Health,,,
517,2016 Election,Politics,USA,Elections,Democracy,,,
518,BlackLivesMatter,Racism,Democracy,White Privilege,America,,,
519,Politics,Socialism,Bernie Sanders,Alexandria Ocasio Cortez,Venezuela,,,
520,Ralph Northam,Blackface,Virginia Politics,Legacy Of Slavery,Juneteenth,,,
521,Politics,Climate Change,Environment,Environmental Justice,Trump,,,
522,Politics,Kavanaugh,Christine Blasey Ford,Supreme Court,Planned Parenthood,,,
523,Trump,Politics,White Supremacy,Racism,Culture,,,
524,Government,Electionwatch,Politics,Media,Social Media,,,
525,Politics,Trump,Racism,Sapiens,,,,
526,Politics,Bernie Sanders,Alexandria Ocasio Cortez,,,,,
527,Politics,Donald Trump,Stacey Abrams,News,,,,
528,Some rights reserved,Politics,Venezuela,Socialism,Nicolas Maduro,Juan Guaido,,
529,Elizabeth Warren,,,,,,,
530,Climate Change,Kamala Harris,Green New Deal,,,,,
531,Politics,Humor,Racism,America,Democracy,,,
532,Sotu,History,Policy,Immigration,Abortion,,,
533,Music,Culture,Politics,Race,Equality,,,
534,Politics,Russia,Corruption,,,,,
535,Politics,Tnlcjreform,Voting Rights,Prison Reform,Civil Rights,,,
536,Fear,Trump,Politics,Power,,,,
537,Feminism,Intersectionality,Politics,LGBT Rights,Race,,,
538,Finance,Investing,Stock Market,Politics,,,,
539,Transportation,Politics,Cities,Future,Economy,,,
540,Politics,Government,Donald Trump,Economics,Inequality,,,
541,Aging,Politics,Presidential Campaign,Cory Booker,Kamala Harris,,,
542,Freedom,Politics,Student Loans,Inequality,Democratic Socialism,,,
543,Politics,Security,Donald Trump,Immigration,Government,,,
544,Politics,News,Life,Leadership,Culture,,,
545,2016 Election,Me Too Movement,Feminism,Advocacy,Current Events,,,
546,Some rights reserved,Surveillance,Speak Freely,Nsa Surveillance,National Security,Secrecy,,
547,Politics,Foreign Policy,Drug War,Domestic Policy,Media,,,
548,Criminal Justice Reform,Trump,Politics,Culture,Society,,,
549,Bernie Sanders,Howard Schultz,Politics,President,Progressive,,,
550,Politics,Game Theory,Blackface,Apology,Virginia,,,
551,Racism,Politics,Communication,Current Events,Virginia,,,
552,Net Neutrality,FCC,Ajit Pai,Roger Stone,,,,
553,Cannabis,Canada,Hemp,Plant,Airports,,,
554,Blockchain,Voting,Democracy,Social Impact,Blockchain Application,,,
555,Charlie Kirk,Turning Point Usa,State Of The Union,Trump,Facts,,,
556,Politics,Socialism,Equality,Democrats,Opinion,,,
557,Politics,Race,Equality,Donald Trump,,,,
558,Race,GOP,Trump,Black,Media,,,
559,Brexit,Steve Bannon,Behind The Lines,United Kingdom,United States,,,
560,Politics,Congress,Donald Trump,Government,US Politics,,,
561,Food,World,Politics,Economy,Agriculture,,,
562,Nick Cassella,Politics,2020,Economics,Healthcare,Labor,,
563,Nick Cassella,Minimum Wage,Economics,Politics,Labor,Trump,,
564,Politics,Hillary Clinton,Donald Trump,Bernie Sanders,Political Science,,,
565,,,,,,,,
566,Climate Change,Green New Deal,Sustainability,Renewable Energy,Politics,,,
567,Far Right,Proud Boys,Alt Right,Democratic Socialism,Unions,,,
568,Supreme Court,Donald Trump,Politics,Congress,Government,,,
569,Politics,Women,Trump,State Of The Union,Democrats,,,
570,Politics,News,Life,Leadership,Culture,,,
571,Some rights reserved,First Amendment,Speak Freely,Public Access Tv,Free Speech,Supreme Court,,
572,State Of The Union,Public Policy,United States,Donald Trump,Politics,,,
573,Some rights reserved,BlackLivesMatter,Speak Freely,Body Cameras,Police,,,
574,Minimum Wage,Economics,Labor,Media,Politics,,,
575,Environment,Climate Change,Science,Politics,Donald Trump,,,
576,Immigration,Border Wall,Environment,Trump,Climate,,,
577,Abortion,Roe V Wade,Health,Reproductive Rights,,,,
578,ISIS,State Of The Union,Foreign Policy,Afghanistan,Russia,,,
579,Education,Teachers,Teacher Strike,Denver,Public Education Fund,,,
580,Politics,Chicago,Chicago 7,Film,Hollywood,,,
581,Iran,Iraq War,Syria,Trump,Middle East,,,
582,Politics,Obama,Trump,Elections,Election 2020,,,
583,Politics,Elections,President,2020 Presidential Race,Third Party,,,
584,Immigration,Mexico,Trump,Asylum Seekers,News,,,
585,Oil,Corruption,Climate Change,Public Lands,Environment,,,
586,Politics,Culture,Government,Ideas,Research,,,
587,Climate Change,Economics,Carbon Tax,Green New Deal,Politics,,,
588,Psychology,Science,Neuroscience,Politics,,,,
589,Politics,Donald Trump,Opinion,GOP,,,,
590,Racism,Donald Trump,Politics,Infrastructure,Justice,,,
591,Politics,Hillary Clinton,2016 Election,,,,,
592,,,,,,,,
593,Government,Donald Trump,Security,Politics,US Politics,,,
594,Politics,Sotu,Trump,White House,,,,
595,Politics,Book Review,Literature,Cultural Criticism,Michiko Kakutani,,,
596,Philosophy,Politics,Debate,,,,,
597,Dialogue & Discourse,Racism,Civil Rights,Republican Party,Democrats,US Politics,,
598,Taxes,Saving Money,Saving,Stocks,Buying A Home,,,
599,Immigration,,,,,,,
600,Politics,,,,,,,
601,Politics,,,,,,,
602,Politics,BlackLivesMatter,Elections,Kamala Harris,,,,
603,Politics,Philosophy,Theology,History,Donald Trump,,,
604,Politics,Government,Racism,Media,Democrats,,,
605,Politics,Economics,Economy,Socialism,Government,,,
606,Politics,Democratic Party,Progressive,Bernie Sanders,2020 Presidential Race,,,
607,Politics,Society,Polarization,Democrats,Republicans,,,
608,Race,History,Politics,Equality,Racism,,,
609,Media,Politics,Fiction,Fake News,Identity,,,
610,Human Trafficking,Politics,Immigration,Donald Trump,Equality,,,
611,Leadership,News,Life,Politics,Psychology,,,
612,Politics,Trump,Schultz,Media,,,,
613,Tulsi Gabbard,Mainstream Media,2020,Hawaii,Democrats,,,
614,,,,,,,,
615,,,,,,,,
616,Davos,Taxes,Politics,Finance,Charity,,,
617,Politics,America,Trump,Taxes,Inequality,,,
618,Politics,Polling,Data Science,Statistics,Elections,,,
619,Research,Learning,Ignorance,Information,Debate,,,
620,Politics,Democratic Party,Convention,Insurgency,Cliques,,,
621,Politics,Election 2020,Centrism,Democrats,Voting,,,
622,Travel,Politics,Culture,Humor,Trump,,,
623,Politics,Artificial Intelligence,Ethics,Governance,European Union,,,
624,News,Life,Leadership,Politics,Culture,,,
625,Politics,Howard Schultz,Independence,Two Party System,Elections,,,
626,Politics,Social Media,Twitter,,,,,
627,Venezuela,Juan Guaidó,Maduro,Nicolas Maduro,Venezuela Crisis,,,
628,Politics,2020 Presidential Race,Branding,Brand Strategy,Presidential Campaign,,,
629,Economics,Healthcare,Health,Politics,Science,,,
630,Politics,Government,BlackLivesMatter,2020 Presidential Race,Cory Booker,,,
631,2020 Presidential Race,Speechwriting,Politics,Kamala Harris,Campaign,,,
632,Racism,Equality,Justice,BlackLivesMatter,Politics,,,
633,Politics,Political Psychology,Brazil,Populism,Authoritarianism,,,
634,Politics,Taxes,Wealth,Elizabeth Warren,Alexandria Ocasio Cortez,,,
635,Charles Stewart,Politics,Elections,Provisional Ballots,,,,
636,Donald Trump,Media,Journalism,Freedom Of Speech,Politics,,,
637,Some rights reserved,Immigration,Speak Freely,Immigrant Rights,,,,
638,Politics,Howard Schultz,Donald Trump,Beto Orourke,2020 Presidential Race,,,
639,Conservatism,Trump,Populism,Politics,Libertarianism,,,
640,Politics,Perspective,Opinion,Government,,,,
641,Science,Race,Equality,Politics,Genetics,,,
642,Adoption,Diversity,Diversity And Inclusion,America,Family,,,
643,Politics,Alexandria Ocasio Cortez,Aoc,,,,,
644,Politics,Kamala Harris,Donald Trump,2020,,,,
645,Startup,Entrepreneurship,Product Management,Technology,Innovation,,,
646,Addiction,Education,Mental Health,Startup,Innovation,,,
647,Restaurant,Startup,SaaS,Restaurant Business,Innovation,,,
648,Chip Conley,Hoteliers,Disruptive Innovation,Entrepreneurship,Modern Elder,,,
649,Startup,Venture Capital,VC,Entrepreneurship,Entrepreneur,,,
650,Leadership,Management,Strategy,Psychology,Entrepreneurship,,,
651,Startup,Technology,Fundraising,Entrepreneurship,Silicon Valley,,,
652,Venture Capital,,,,,,,
653,Business,Company,New Startups,Silicon Valley,Startups,,,
654,Startup,Millennials,Entrepreneurship,Business,Inspiration,,,
655,Tickets,Startup,Culture,,,,,
656,Entrepreneurship,Self Improvement,Self-awareness,Failure,Startup Lessons,,,
657,Startup,Entrepreneurship,Self Improvement,Psychology,Creativity,,,
658,Startup,Work,Entrepreneurship,Women,Self,,,
659,Business,Impact,Business Strategy,Business Development,Society,,,
660,Business,Startup,Finance,Entrepreneurship,Marketing,,,
661,Startup,Grabango,Venture Capital,Fintech,Ecommerce,,,
662,Marketing,Entrepreneurship,Branding,Minimalism,Startup,,,
663,Startup,Entrepreneurship,Leadership,Management,Women In Tech,,,
664,Startup,Theranos,First Time Founders,,,,,
665,Startup,Entrepreneurship,Product Management,Technology,Software Development,,,
666,Venture Capital,,,,,,,
667,Entrepreneurship,Startup,Fyre Festival,Hulu,,,,
668,Startup,Venture Capital,Docker,Founders,DevOps,,,
669,Ecommerce,Business,Environment,Style,Startup,,,
670,Startup,Work,Race,Equality,Money,,,
671,Startup,Big Idea,Regions,Transformation,Digital,,,
672,Startup,Technology,Blockchain,Cryptocurrency,Life,,,
673,Startup,Venture Capital,Entrepreneurship,Space,Los Angeles,,,
674,Fintech,Startup,Technology,Venture Capital,,,,
675,Venture Capital,Startup,Investing,Economics,,,,
676,Entrepreneurship,Agencylife,Digital Marketing Agency,Entrepreneur,Marketing,,,
677,Startup,Entrepreneurship,Blockchain Technology,Blockchain Startup,Crypto,,,
678,Eddie Rietz,Digital Health,Startupbootcamp,Accelerator,Startup,,,
679,Startup,Venture Capital,Coaching,Entrepreneurship,Leadership,,,
680,Startup,Entrepreneurship,Recruiting,Leadership,HR,,,
681,Startup,Venture Capital,Entrepreneurship,Product Management,Productivity,,,
682,Entrepreneurship,Venture Capital,Communication,Leadership,Startup,,,
683,Management,Startup,Business,Leadership,Entrepreneurship,,,
684,Startup,Entrepreneurship,Motivation,Business,Youth,,,
685,Machine Learning,Artificial Intelligence,Startup,Business,Technology,,,
686,Growth Hacking,Growth Mindset,Strategy,Growth Strategy,Marketing Strategies,,,
687,Startup,Productivity,Work,Psychology,Remote Working,,,
688,Startup,Corporate Innovation,Sales,Startup Lessons,,,,
689,Startup,Entrepreneurship,Side Gigs,Founders,,,,
690,Startup,Silicon Valley,Startup Lessons,,,,,
691,Phil Sarin,Analytics,Data,,,,,
692,Entrepreneurship,Psychology,Startup,Storytelling,Business,,,
693,Startup,Fundraising,Pitch Deck,Venture Capital,Entrepreneurship,,,
694,Venture Capital,Startup,Investing,VC,,,,
695,Startup,Personal Development,Self Improvement,Tech,Business,,,
696,Ana Braskamp,Steven Levy,Ian Mendiola,Growth,Startup,Product Managment,Marketing,Facebook
697,Entrepreneurship,Successful Entrepreneurs,Startup Lessons,Motivation,Business,,,
698,Privacy,Data Science,Startup,Analytics,Google,,,
699,Entrepreneurship,Entrepreneur,Business,Business Strategy,Lessons Learned,,,
700,Startup,Entrepreneurship,Small Business,Product Management,Technology,,,
701,Startup,Investimenti,,,,,,
702,Venture Capital,Startup,Agile,Improvisation,Bricolage,,,
703,Venture Capital,Feminism,Gender Equality,Startup,Business,,,
704,Austria,Fintech,Hedge Funds,Media And Advertising,New York,,,
705,Machine Learning,Startup,Entrepreneurship,Artificial Intelligence,Technology,,,
706,Ben Werdmuller,Corey Ford,Startup,Design Thinking,Risk Management,Investing,,
707,Startup,Reid Hoffman,PayPal,Silicon Valley,Scaleup,,,
708,Startup,Drugs,Mental Health,Psychedelics,Pharmaceutical,,,
709,Mergers And Acquisitions,Business Strategy,Business,Startup,Entrepreneurship,,,
710,Entrepreneurship,Multiculturalism,Startup,Culture,Culture Change,,,
711,SaaS,Startup,Adtech,Venture Capital,Entrepreneurship,,,
712,Startup,Venture Capital,Cohorts,SaaS,Entrepreneurship,,,
713,Venture Capital,Startup,Data Science,Entrepreneurship,Towards Data Science,,,
714,Startup,Ethics,Innovation Culture,Startup Communities,,,,
715,Immigration,Startup,Venture Capital,Technology,Career Change,,,
716,Innovation,Strategy,Investment,Entrepreneurship,Management,,,
717,Startup,Software Development,Technology,Product Management,Business,,,
718,Startup,Culture,Team Building,Startup Culture,Management,,,
719,Kevin Kavanagh,Startup,Onboarding,Design,Growth Hacking,UX,,
720,Dhanush Gopinath,Startup,Entrepreneurship,India,Technology,Life Lessons,,
721,Startup,Entrepreneurship,Business,Raising Capital,,,,
722,Entrepreneurship,Startup,Motivation,Entrepreneur,Business,,,
723,Analytics,Product Management,Startup,,,,,
724,Startup,Funding,Venture Capital,Entrepreneurship,App Development,,,
725,Climate Change,Environment,Business,Sustainability,Startup,,,
726,Marketing,Startup,Entrepreneurship,Technology,Business,,,
727,Startup,Innovation,Design Process,Design Thinking,,,,
728,Self Driving Cars,Transportation,Technology,Open Source,Startup,,,
729,Investing,Self Improvement,Careers,Productivity,Personal Development,,,
730,Startup,Fundraising,Venture Capital,News,Opportunity,,,
731,Startup,Entrepreneurship,Business,Leadership,Venture Capital,,,
732,Startup,Venture Capital,Entrepreneurship,VC,Investing,,,
733,Startup,Entrepreneurship,Entrepreneur,Marketing Strategies,,,,
734,Startup,Culture,Management,Strategy,Creativity,,,
735,Technology,Ces2019,CES,Gadgets,Startup,,,
736,User Research,Product Management,Product Design,UX,UX Research,,,
737,Startup,Entrepreneurship,Japan,IoT,English,,,
738,Startup,Funding,Finance,Growth,Equity,,,
739,Productivity,Entrepreneurship,Startup,Life Lessons,Self Improvement,,,
740,Startup,Entrepreneurship,Business,Investing,Risk,,,
741,Startup,Entrepreneurship,Productivity,Creativity,Self Improvement,,,
742,Finance,Startup,Entrepreneurship,Business,Productivity,,,
743,Connor Keppel,Patrick Monaghan,Mikey Cannon,Venture Capital,Bootstrapping,SaaS,Growth,Private Equity
744,Startup,Entrepreneurship,Sales,Life,Self Improvement,,,
745,Startup,Entrepreneurship,Web Development,Mobile App Development,Software Development,,,
746,Psychology,Behavioral Economics,Cognitiveergonomics,Design Thinking,Startup Lessons,,,
747,Self Improvement,Entrepreneurship,Startup,Business,Leadership,,,
748,Innovation,Strategy,Strategic Planning,,,,,
749,Startup,Silicon Valley,Entrepreneurship,Venture Capital,,,,
750,Startup,Product Management,Venture Capital,Startup Lessons,Hiring,,,
751,Entrepreneurship,Productivity,Life,Life Lessons,Self Improvement,,,
752,Startup,Top 5,Venture Capital,,,,,
753,Investing,Angel Investors,Investor Updates,Incubator,Startup,,,
754,Startup,Lean Startup,Business Models,,,,,
755,Startup,Millennials,Tech,Advice,College,,,
756,Startup,Entrepreneurship,Self Improvement,Psychology,Creativity,,,
757,Startup,Scaleup,Business Model Canvas,Venture Capital,Product Market Fit,,,
758,Startup,Technology,Software Development,Entrepreneurship,Apps,,,
759,Product,Product Design,Design,Product Management,Software Development,,,
760,Marketing,Business,Trends,Technology,Social Media,,,
761,,,,,,,,
762,Branding,Design,Design Process,Startup,Startup Lessons,,,
763,Startup,Startup Lessons,Startup Life,Entrepreneurship,Business,,,
764,Startup,Hydroponics,Entrepreneurship,Agriculture,Technology,,,
765,Hip Hop,Startup,Music,Beastie Boys,Entrepreneurship,,,
766,Productivity,Creativity,Startup,Entrepreneurship,Self Improvement,,,
767,Startup,,,,,,,
768,Startup,Business,Business Strategy,Entrepreneurship,Success,,,
769,Startup,Entrepreneurship,Life,Life Lessons,Venture Capital,,,
770,Community,Coworking,Coworking Space,Startup Lessons,Startup,,,
771,Machine Learning,Artificial Intelligence,Technology,Startup,Tech,,,
772,Startup,Marketing,Ideation,Market Research,Customer Discovery,,,
773,Startup,Market Research,Marketing,Tech,,,,
774,Venture Capital,Startup,Technology,Leadership,Business,,,
775,Mental Health,Startup,Entrepreneur,Self Improvement,Creativity,,,
776,Venture Capital,Startup,China,Funding,Future,,,
777,Entrepreneurship,Startup,Founders,Growth,Growth Hacking,,,
778,Entrepreneur,Personal Growth,Learning,Technology,Growth Hacking,,,
779,Startup,Ycombinator,Pitching,Seed Funding,Accelerator,,,
780,Startup,Venture Capital,Pakistan,Technology,Economy,,,
781,MVP,Startup,Technology,Trends,Business,,,
782,Startup,Business,Wework,Coworking,Marketing,,,
783,Startup,Entrepreneurship,Business,Success,Motivation,,,
784,Entrepreneurship,Startup,Business,Creativity,Productivity,,,
785,Innovation,Creativity,Entrepreneurship,Inspiration,Leadership,,,
786,Entrepreneurship,Venture Capital,Accelerator,Startup,Reality,,,
787,Startup,Entrepreneurship,Product Management,Technology,Business,,,
788,Entrepreneurship,Business,Business Strategy,Personal Development,CEO,,,
789,Data Science,,,,,,,
790,Startup,Entrepreneurship,Women In Tech,Venture Capital,Business,,,
791,Education,Graduate School,University,Masters Degree,University Of Washington,,,
792,Product Marketing,Marketing,Startup,Content Marketing,Product Management,,,
793,Entrepreneurship,Content Marketing,Creativity,,,,,
794,Startup,Silicon Valley,IPO,Business,,,,
795,Startup,Business Development,Business,Business Strategy,,,,
796,Business,Entrepreneurship,Technology,Startup,Product Management,,,
797,Entrepreneurship,Marketing,Business,Startup,Founders,,,
798,Product Management,Airbnb,Startup,Growth,Product,,,
799,Entrepreneurship,Startup,Technology,Personal Development,Personal Growth,,,
800,Education,College,Startup,Students,,,,
801,Marijuana,Bizzo,Startups,Entrepreneurship,,,,
802,Startup,Personal Development,Personal Growth,Entrepreneurship,Entrepreneur,,,
803,Entrepreneurship,Startup,Finance,Leadership,Human Resources,,,
804,Startup,Design Thinking,Product Management,Design,,,,
805,Pakistan,Asia,Startups,Tech,,,,
806,Social Media,Iyia Liu,New Zealand,Instagram,,,,
807,Life,Productivity,Innovation,Writing,Culture,,,
808,Work,Startup,Taxes,Apps,Personal Finance,,,
809,The Bold Italic Editors,Entrepreneurship,Party,Events,This Just In,San Francisco,,
810,Social Media,Facebook,Business,Privacy,Startup,,,
811,Lily Zheng,Innovation,Innovation Leadership,Innovation Management,Case Examples,Management,,
812,Startup,Company Culture,Culture,Workplace,Entrepreneurship,,,
813,Julien Kervizic,Data Science,Data Engineering,Startup,Recruiting,Business,,
814,Leadership,Business,Technology,Design,Product Management,,,
815,Blockchain,Crypto,Startup,Ecosystem,Bulgaria,,,
816,Agile,Alipay,America,American,Amex,,,
817,Startup,Pitch Deck,Entrepreneurship,Fundraising,Investors,,,
818,Drew Banin,Data,Data Science,Data Engineering,Analytics,Startup,,
819,,,,,,,,
820,Entrepreneurship,Startup,Customer Service,Business,Farming,,,
821,Startup,VC,Healthcare,Minnesota,Minneapolis,,,
822,Entrepreneurship,Productivity,Life Lessons,Self Improvement,Advice,,,
823,Startup,AI,Strategy,Cloud Computing,Machine Learning,,,
824,Startup,Innovation,Partnerships,Entrepreneurship,Corporate Innovation,,,
825,Startup,Law,Technology,,,,,
826,Startup,Business,Entrepreneurship,Money,Personal Finance,,,
827,Startup,Entrepreneurship,Product Management,Technology,Business,,,
828,Startup,Entrepreneurship,Fundraising,Technology,Life Lessons,,,
829,Entrepreneurship,Startup,Creativity,Psychology,Self Improvement,,,
830,Entrepreneurship,Startup,Venture Capital,Angel Investors,,,,
831,Education,Tech,Startup,College,Venture Capital,,,
832,Startup,Business,Entrepreneurship,Self Improvement,Entrepreneur,,,
833,Environment,Sustainability,Service Design,Waste,Design,,,
834,User Experience,Teamwork,Collaboration,UX,Development,,,
835,Digital Agency,Culture,Agency,Design,Creativity,,,
836,Architecture,Design,Sound,Interview,History,,,
837,Motel,Roadtrip,Architecture,Americana,Travel,,,
838,India,Protovillage,Abundance,Community,Design,,,
839,James Melzer,Design Systems,Components,,,,,
840,Design,UX Design,Ux Strategy,Product Design,Meetings,,,
841,Design,UX,Material Design,UI,Product Design,,,
842,Blood Donation,India,Startup,Service Design,Design Research,,,
843,Design,Codesign,Kids And Tech,Accessible Design,Consumerism,,,
844,Machine Learning,Navigation,Design,Design Thinking,User Experience,,,
845,Startup,Design,Product Management,UX,,,,
846,Design,User Experience,Game Development,Virtual Reality,User Research,,,
847,Advertising,Marketing,Decision Making,,,,,
848,Creativity,Self Improvement,Leadership,Innovation,Work,,,
849,Product Design,Apps,UI,Case Study,Mobile,,,
850,Climate Change,Sustainability,Design,Environment,Energy,,,
851,Design,Industrial Design,Semiotics,Furniture,Culture,,,
852,Some rights reserved,Transportation,Maps,Graphic Design,Visual Design,Cities,,
853,Accessibility,WCAG,Disability,UI,Web,,,
854,Robotics,Canadian Space Agency,Space,Robots,Startup,,,
855,Computer Vision,Algorithms,Neuroscience,Perception,Image,,,
856,Martin Florián,Petr Augustin,Adéla Tofflová,Design,User Experience,UX,UX Design,Conference
857,Design,Constraintlayout,Design Systems,UX Design,UI Design,,,
858,Vui,Vui Design,Creative Writing,Writing,Alexa Skills,,,
859,Design,Problem Solving,Cocreation,Design Leadership,Humility,,,
860,Monica Ray Scott,Transportation,Design,Information Design,Public Transportation,Cartography,,
861,Travel,Huawei,Architecture,History,World,,,
862,Books,Social Media,Design,,,,,
863,UX,Design,Case Study,Vans,Product Design,,,
864,UX,Repetition,Conversation Design,Language,Learning,,,
865,History,Art,Animals,Home,Decor,,,
866,Design,Design Process,Designer,Marie Kondo,Konmari,,,
867,UX,Conversational Design,Chatbots,Ux Writing,Voice Assistant,,,
868,Design,Design Thinking,Design Process,UX,User Experience,,,
869,Agis Georgiou,Rick Hankel,J. Lanters,Data Visualization,Data Science,Careers,,
870,Design,Behavioral Economics,User Experience,Psychology,UI,,,
871,UX,User Experience,UX Design,,,,,
872,Travel,Home,Perspective,Local,Sydney,,,
873,Design,UX,Product Design,Design Thinking,UX Design,,,
874,Craft,Culture,Food,Tradition,Future Of Work,,,
875,Design,Ux Careers,UX,,,,,
876,Web Development,Conversion Optimization,Optimization,Website Design,Performance Testing,,,
877,Empathy,Nintendo,Design,UX,Gaming,,,
878,Presentations,PowerPoint,Business Analysis,Work,Workshop,,,
879,Design,Augmented Reality,Software Development,Mixed Reality,Software,,,
880,UX,Design Thinking,Inspiration,Creativity,Ideas,,,
881,Design,UX Design,UX,User Experience,Technology,,,
882,Architecture,Technology,AI,Artificial Intelligence,Harvard,,,
883,Design,Generalists,Career Advice,,,,,
884,Branding,Design,Design Process,Lessons Learned,Startup,,,
885,Design Thinking,Facilitation,Service Design,Japanese,,,,
886,Data Science,Design Thinking,UX Design,Ux Design Process,,,,
887,Design Systems,Design Thinking,UX,User Research,Design,,,
888,UX,Product,Design,Design Thinking,Design Process,,,
889,UX,Design,Design Thinking,User Experience,UX Design,,,
890,Design,Design Systems,Design Management,Growth,Strategy,,,
891,Artificial Intelligence,Voice Assistant,Design,UX,Alexa,,,
892,Learning,Creativity,Futures Thinking,Design,Education,,,
893,Space,Design,Culture,History,World,,,
894,Design,Design Critique,Design Process,How To,Critique,,,
895,Design,Communication,UX,Design Thinking,UX Design,,,
896,UX,Wireframe,Mobile App Development,Software Development,Tech,,,
897,Design Sprint,User Research,Methods,Design,Service Design,,,
898,Design,Ideation,Concept,Brainstorming,UX,,,
899,User Testing,Gambling,User Research,Fantasy Football,Case Study,,,
900,Urban Planning,Parks And Recreation,Social Equity,Chicago,,,,
901,Instagram,Product Design,Case Study,Video,User Experience,,,
902,,,,,,,,
903,Creativity,Home,Psychology,Productivity,Self Improvement,,,
904,User Research,Cocreation,Innovation,Design,Flipkart,,,
905,UX,UI,UX Design,Design Thinking,Collaboration,,,
906,Design Principles,Design,Personal,Principles,UX,,,
907,Some rights reserved,Design,Sass,Web Development,Design Systems,,,
908,Design,Architecture,Culture,Art,History,,,
909,Agile,Project Management,,,,,,
910,WordPress,Design,Freelancing,Entrepreneurship,Small Business,,,
911,Product Strategy,Growth Hacking,Growth,Product Design,UX Design,,,
912,Design,Startup,Product Design,UX,UX Design,,,
913,Virtual Reality,Unity3d,Gaming,Computer Vision,Research,,,
914,Careers,UX,Work,Product Design,UI,,,
915,Education,Personalized Learning,Edtech,Learning,Student Centered Learning,,,
916,UX,User Testing,Apps,Transportation,Product Design,,,
917,Design,Visual Design,Graphic Design,Graphic Designer,Freelancing,,,
918,Design,Branding,Digital,Sameness,Blanding,,,
919,Humor,Fashion,Women,Comedy,Satire,,,
920,Evernote,UX,UI,Business,Startup,,,
921,Design,Branding,UX,Business,Marketing,,,
922,UX,UI,User Research,User Interface,Design,,,
923,UX,Heuristics,User Experience,Business,Usability,,,
924,Design Fiction,Artificial Intelligence,Ethnography,Data Science,Design,,,
925,,,,,,,,
926,UX,UI,App Development,Branding,Icon Design,,,
927,UX,UX Design,UI Design,Web Design,Interaction Design,,,
928,Ecommerce,Navigation,Product Page,Checkout Page,UX Design,,,
929,Design,Health,Environment,Receipt,Digital Receipts,,,
930,Design,Home,Home Improvement,Airbnb,Travel,,,
931,Books,UX,UX Design,User Experience,Product Design,,,
932,Design,Motion Design,UX,Animation,After Effects,,,
933,UX,Design Process,Product Design,Design,Trends,,,
934,UX,Product Design,Tips,UX Design,Design Process,,,
935,Internet of Things,Art,Smart Home,Design,Interaction Design,,,
936,Design,Work,Office Culture,,,,,
937,Writing,Creativity,Productivity,Self Improvement,Design,,,
938,Design,Designer,Freelancers,Freelancing,Work,,,
939,Sports,Shoes,Activism,Branding,In The Know,,,
940,Books,Design,Reading,Learning,UX,,,
941,Sona Kerim,Design,Dribbble,UI,Mobile,iOS,,
942,Battery,Hardware,Product Design,Mechanical Engineering,Hardware Startup,,,
943,Design,Visual Design,Product Design,UX,Web Design,,,
944,UX Design,User Research,Prototyping,Mobile Apps,Case Study,,,
945,uxplanet.org,UX,UX Research,Ux Research Method,Service Deign,Case Study,,
946,Design,UX,Careers,Graphic Design,Product Design,,,
947,Design,Interaction Design,Product Design,Digital Product,Systems Thinking,,,
948,Design,Photoshop,,,,,,
949,Chatbots,Design,Design Thinking,,,,,
950,Career Advice,Design,Growth,UX,UI,,,
951,Machine Learning,Artificial Intelligence,Technology,Programming,Data Science,,,
952,UX,Design Process,Design Thinking,Design,User Experience,,,
953,UX,Strategy,Design Thinking,User Experience,Ux Strategy,,,
954,Design Thinking,Goal Setting,Women,Life Goals,New Years Resolutions,,,
955,Design,Designer,Feedback,Workflow,,,,
956,UX,User Testing,Design Process,Scrum,Usability,,,
957,Python,Tutorial,Colors,Movies,Software Development,,,
958,Business Strategy,Blockchain,Product Design,Product Development,Product Strategy,,,
959,Visual Design,Technology,UX,UI,Prototyping,,,
960,User Experience,User Research,Black Mirror,Bandersnatch,Interactive,,,
961,Venture Capital,UX Design,UX Research,Ux Strategy,Design Thinking,,,
962,Typography,Product Design,UX Design,Graphic Design,Design,,,
963,UX Design,UX Research,Case Study,Mobile,Product Design,,,
964,3D Printing,Machine Learning,Surgical Technology,Health Technology,Medical Technology,,,
965,Design,AI,Agile,Lean Startup,Innovation,,,
966,Design,Careers,Teamwork,UX,Collaboration,,,
967,Creativity,Design,Creative Process,Entrepreneurship,Productivity,,,
968,Artificial Intelligence,Design,Prototyping,Machine Learning,Interaction Design,,,
969,Design,Design Thinking,Ideation,User Experience,Workshop,,,
970,Design Thinking,User Experience,User Experience Design,User Centered Design,,,,
971,History,London,Jewelry,Art,This Happened To Me,,,
972,Branding,Creative Process,Visual Language,Logo Design,Case Study,,,
973,React Native,UI,Design,Mobile App Development,Libraries,,,
974,Design,Ux Writing,UX Design,Marketing,,,,
975,Fashion,Cfda,Prada,BlackLivesMatter,Diversity And Inclusion,,,
976,Caylie Panuccio,Rob Scherer,Design,Iconography,UX,Icons,Research,
977,UX,Design,Design Thinking,Collaboration,Design Disorders,,,
978,Architecture,Airports,Travel,Design,Leadership,,,
979,Web Development,CSS,Minimalist Design,Mobile Website Design,Web Design,,,
980,Design,Colors,,,,,,
981,JavaScript,Gatsbyjs,React,Design,UX,,,
982,Language,History,Technology,Emoji,Mobile,,,
983,UX,Usability,Alexa Skills,Voice Assistant,Interaction Design,,,
984,Writing,Content Creation,Readability,Freelancers,Writing Tips,,,
985,Case Study,Time Management,User Experience,Productivity,UX Design,,,
986,UX,Storyboard,Cómic,UX Design,Storyboarding,,,
987,UX,Erp,Design Thinking,Design,User Experience Design,,,
988,Typography,Web Development,Designer,Design,,,,
989,Design,Product Design,User Experience,User Interface,UX,,,
990,Design,Design Systems,UX Design,UI Design,Accessibility,,,
991,UX,UX Design,Ux Strategy,UI Design,Ux Case Study,,,
992,UX,User Testing,User Research,Usability Testing,Ux Design Process,,,
993,Interaction Design,Material Design,UX,Google,Philosophy,,,
994,UX,UX Design,Halloween,Product Design,Costume,,,
995,Design,UX Design,Product Design,User Experience,Design Thinking,,,
996,React Native,,,,,,,
997,Design,Innovation Management,Strategic Design,Business Design,Business,,,
998,Design,UX,UX Design,UI,Ecommerce,,,
999,CSS,Css Grid,Design,Front End Development,UI Design,,,
1000,Internet of Things,UX,UI,Software Development,Startup,,,
1001,Accessibility,Product Design,Inclusive Design,UX Design,UX,,,
1002,UX,Design,User Experience,UX Design,UI,,,
1003,Sketching,Visual Thinking,Sketchnoting,Whiteboarding,UX,,,
1004,Design Thinking,Design Futures,Advertising Agency,Creative,Advertising,,,
1005,Marketing,Landing Pages,UX,UI,Design,,,
1006,Gamification,UX,Psychology,Design Thinking,,,,
1007,Semiotics,Design,Web Design,Communication,,,,
1008,Design,Urban Farming,Architecture,Local Food,Digital Fabrication,,,
1009,Artificial Intelligence,Future Of Work,Future,Design,Trends,,,
1010,Maia Jaidi,Mitchell Hart,Design,Product Design,Architecture,UX,UX Design,
1011,Fabricio Teixeira,Design,UX,Product Design,Work,Careers,,
1012,Design,Drawing,Visual Thinking,Startup,Problem Solving,,,
1013,Technology,Design,Product Management,Visual Design,Apple,,,
1014,Design,Technology,Business,Apple,Google,,,
1015,Design,Energy,Embodied Energy,Things,MIT,,,
1016,Konmari,Minimalism,Design,Architecture,Sociology,,,
1017,UX Design,UI Design,Ux Case Study,Ux Writing,Case Study,,,
1018,Ocean,Sea,Marine,Technology,Future,,,
1019,UX,UI,Research,Design,UX Research,,,
1020,CSS,Animation,Web Design,Web Development,Front End Development,,,
1021,Web Design,Web Development,Brand Strategy,Web,UX Design,,,
1022,Engineering,Design,Future,Futurism,Technology,,,
1023,Design,UX Design,,,,,,
1024,Design,Design Systems,Development,Sketch,UX,,,
1025,React,Typography,,,,,,
